userid,age,cmpexperience,cmphours,cmptype,condition,education,foundFastTargetFirst,inthours,latency,positionOfTarget,pubcmp,screen,sex,totalInteractions,search_strategy
4dfdec44-3f6d-11e9-af8e-e4434b0071f4,26_35,intermediate,5_8,desktop,Experiment3_2,HighSchool,TRUE,hourly,1421.008223,East,personal,23_25,Male,40,direct
f22c5ea2-3f6f-11e9-bc23-e4434b0071f4,26_35,intermediate,1_3,desktop,Experiment3_2,Associates,TRUE,weekly,7661.230406,East,personal,13_15,Female,8,direct
9c34fe86-3f70-11e9-980f-e4434b0071f4,36_45,beginner,not reported,desktop,Experiment3_2,Bachelors,TRUE,daily,4250.77077,West,personal,25plus,Male,71,direct
0990a20c-3f74-11e9-958c-e4434b0071f4,18_25,expert,8_above,laptop,Experiment3_2,Bachelors,TRUE,hourly,9828.903614,East,personal,13_15,Male,13,direct
b8cc2f20-3f79-11e9-980f-e4434b0071f4,26_35,intermediate,3_5,desktop,Experiment3_2,Masters,FALSE,daily,7661.230406,East,personal,23_25,Female,13,direct
f487745a-3f7b-11e9-8073-e4434b0071f4,18_25,intermediate,8_above,desktop,Experiment3_2,HighSchool,TRUE,daily,10056.08685,West,public,17_21,Male,148,opportunistic_random
3dab31d4-3f7d-11e9-8073-e4434b0071f4,26_35,intermediate,8_above,desktop,Experiment3_2,Associates,FALSE,hourly,1915.986597,East,personal,25plus,Male,9,direct
d3e7c86a-3f91-11e9-8ebb-e4434b0071f4,26_35,expert,8_above,desktop,Experiment3_2,HighSchool,FALSE,hourly,5788.208581,East,personal,23_25,Male,15,direct
4f64d776-3f92-11e9-bc23-e4434b0071f4,36_45,beginner,1_3,desktop,Experiment3_2,Bachelors,FALSE,daily,9351.668886,West,personal,23_25,Male,44,direct
5096462a-3f92-11e9-958c-e4434b0071f4,26_35,intermediate,5_8,desktop,Experiment3_2,Associates,FALSE,hourly,3456.603687,East,personal,23_25,Female,9,direct
4b507df2-3f92-11e9-8ebb-e4434b0071f4,26_35,intermediate,5_8,laptop,Experiment3_2,Bachelors,TRUE,hourly,9351.668886,East,personal,13_15,Male,28,opportunistic_random
cf19bbe4-3f92-11e9-8ebb-e4434b0071f4,36_45,beginner,1_3,laptop,Experiment3_2,Bachelors,FALSE,daily,2919.272966,West,personal,13_15,Male,62,opportunistic_random
5ed9513c-3f92-11e9-8ebb-e4434b0071f4,18_25,expert,3_5,desktop,Experiment3_2,Bachelors,TRUE,daily,4908.180563,West,personal,23_25,Male,302,opportunistic_random
4dbba468-3f92-11e9-958c-e4434b0071f4,46_55,intermediate,8_above,laptop,Experiment3_2,Masters,FALSE,hourly,10738.49945,East,personal,17_21,Female,11,direct
d9076142-3f92-11e9-8073-e4434b0071f4,36_45,expert,5_8,laptop,Experiment3_2,Bachelors,TRUE,hourly,10510.03526,West,personal,23_25,Male,20,opportunistic_random
6f19db38-3f93-11e9-af8e-e4434b0071f4,18_25,intermediate,3_5,desktop,Experiment3_2,Bachelors,TRUE,hourly,3492.173404,West,personal,25plus,Male,19,direct
d3f8b51a-3f93-11e9-980f-e4434b0071f4,36_45,intermediate,8_above,desktop,Experiment3_2,Bachelors,TRUE,hourly,5066.64099,West,personal,23_25,Male,10,direct
41074cb2-3f93-11e9-8ebb-e4434b0071f4,46_55,intermediate,5_8,desktop,Experiment3_2,Bachelors,TRUE,hourly,5913.306138,East,personal,17_21,Male,85,direct
d647cec8-3f93-11e9-958c-e4434b0071f4,26_35,intermediate,5_8,desktop,Experiment3_2,Bachelors,FALSE,hourly,1144.606444,East,personal,25plus,Female,180,direct
dde7e2ae-3f97-11e9-abf3-e4434b0071f4,36_45,intermediate,3_5,tablet-ipad,Experiment3_2,Bachelors,TRUE,hourly,13489.77398,West,personal,10_12,Male,14,direct
29fbbd3e-3f9b-11e9-bc23-e4434b0071f4,56plus,intermediate,1_3,desktop,Experiment3_2,Associates,TRUE,daily,3456.603687,East,personal,23_25,Female,191,strategy_switch
cf71b1b6-3f9f-11e9-af8e-e4434b0071f4,46_55,intermediate,8_above,desktop,Experiment3_2,Associates,TRUE,hourly,7555.638772,East,public,25plus,Male,76,structured_search
bd080ebc-3f9f-11e9-abf3-e4434b0071f4,46_55,intermediate,1_3,desktop,Experiment3_2,Bachelors,FALSE,daily,910.0408955,West,personal,23_25,Male,9,direct
a6283c36-3fa3-11e9-8ebb-e4434b0071f4,18_25,novice,3_5,desktop,Experiment3_2,Bachelors,FALSE,daily,2452.220139,West,personal,17_21,Female,630,strategy_switch
693681a0-400e-11e9-8ebb-e4434b0071f4,26_35,expert,5_8,laptop,Experiment3_2,Bachelors,TRUE,hourly,5928.3672,West,personal,13_15,Female,13,direct
749e3718-400e-11e9-abf3-e4434b0071f4,56plus,expert,3_5,laptop,Experiment3_2,Bachelors,TRUE,daily,3287.398578,East,personal,13_15,Male,15,direct
4f4eae42-400f-11e9-8ebb-e4434b0071f4,26_35,intermediate,8_above,desktop,Experiment3_2,Bachelors,TRUE,hourly,4499.074431,West,personal,17_21,Male,30,direct
3c57249a-400f-11e9-8073-e4434b0071f4,26_35,expert,5_8,laptop,Experiment3_2,Bachelors,FALSE,hourly,6193.548587,East,personal,not reported,Female,45,direct
743fd050-400f-11e9-af8e-e4434b0071f4,26_35,expert,3_5,desktop,Experiment3_2,Associates,FALSE,daily,3725.557599,East,personal,23_25,Male,18,direct
b4f50f08-400e-11e9-8073-e4434b0071f4,26_35,beginner,8_above,laptop,Experiment3_2,Masters,TRUE,hourly,10493.66533,West,personal,10_12,Male,17,opportunistic_random
86e4e368-400e-11e9-8ebb-e4434b0071f4,36_45,beginner,5_8,laptop,Experiment3_2,HighSchool,FALSE,daily,1751.252694,East,personal,13_15,Female,181,structured_search
4162d566-400e-11e9-abf3-e4434b0071f4,26_35,intermediate,3_5,desktop,Experiment3_2,Bachelors,TRUE,daily,5118.36037,East,personal,23_25,Male,10,direct
27189b08-4010-11e9-bc23-e4434b0071f4,26_35,intermediate,5_8,desktop,Experiment3_2,Associates,TRUE,hourly,13644.57519,East,personal,25plus,Male,207,opportunistic_random
d223ffc4-4010-11e9-bc23-e4434b0071f4,36_45,beginner,3_5,not reported,Experiment3_2,HighSchool,FALSE,hourly,13217.26121,East,personal,13_15,Female,26,opportunistic_random
c2520610-4013-11e9-bc23-e4434b0071f4,26_35,beginner,5_8,laptop,Experiment3_2,Masters,TRUE,hourly,4728.796125,West,personal,13_15,Male,78,strategy_switch
5f692450-4015-11e9-a334-e4434b0071f4,26_35,intermediate,1_3,laptop,Experiment3_2,Bachelors,TRUE,daily,13499.83343,East,personal,17_21,Female,19,opportunistic_random
56d77508-4015-11e9-980f-e4434b0071f4,46_55,intermediate,5_8,desktop,Experiment3_2,HighSchool,FALSE,daily,1421.008223,West,personal,25plus,Male,231,strategy_switch
d3986fd2-401c-11e9-8073-e4434b0071f4,46_55,expert,8_above,desktop,Experiment3_2,Masters,TRUE,hourly,10825.95417,West,personal,23_25,Male,90,opportunistic_random
e2901748-4020-11e9-8073-e4434b0071f4,26_35,intermediate,8_above,desktop,Experiment3_2,HighSchool,TRUE,hourly,5527.99891,East,personal,not_sp,Male,7,direct
361cd844-401f-11e9-abf3-e4434b0071f4,26_35,expert,8_above,laptop,Experiment3_2,Masters,TRUE,daily,13955.56991,East,personal,13_15,Female,128,opportunistic_random
668975fe-4020-11e9-958c-e4434b0071f4,26_35,intermediate,5_8,laptop,Experiment3_2,Bachelors,FALSE,daily,13499.83343,West,personal,17_21,Male,60,opportunistic_random
5756e952-4027-11e9-8ebb-e4434b0071f4,26_35,intermediate,3_5,desktop,Experiment3_2,Bachelors,TRUE,daily,3818.084502,West,personal,23_25,Male,75,direct
479d990c-4027-11e9-958c-e4434b0071f4,36_45,intermediate,3_5,desktop,Experiment3_2,HighSchool,TRUE,hourly,12848.82831,East,personal,17_21,Female,32,opportunistic_random
a3378994-4027-11e9-8ebb-e4434b0071f4,26_35,intermediate,5_8,laptop,Experiment3_2,Bachelors,TRUE,daily,3781.856116,West,personal,17_21,Male,26,direct
fae27bfe-4027-11e9-a334-e4434b0071f4,18_25,intermediate,5_8,laptop,Experiment3_2,Bachelors,TRUE,hourly,10531.87263,West,personal,13_15,Male,27,direct
0cb451d0-4029-11e9-a334-e4434b0071f4,18_25,intermediate,5_8,laptop,Experiment3_2,Bachelors,TRUE,daily,9794.390522,East,personal,13_15,Male,74,direct
4e903378-4027-11e9-bc23-e4434b0071f4,36_45,expert,8_above,desktop,Experiment3_2,Associates,FALSE,hourly,9105.922351,East,personal,17_21,Male,263,structured_search
54cc6c14-4029-11e9-abf3-e4434b0071f4,36_45,intermediate,5_8,laptop,Experiment3_2,Bachelors,FALSE,hourly,4843.01713,East,personal,10_12,Female,79,structured_search
49e05254-402c-11e9-980f-e4434b0071f4,36_45,intermediate,8_above,laptop,Experiment3_2,Associates,TRUE,hourly,8237.686413,West,personal,17_21,Female,13,opportunistic_random
0fe627fe-402c-11e9-8073-e4434b0071f4,18_25,expert,3_5,laptop,Experiment3_2,Bachelors,TRUE,daily,2302.411471,East,personal,13_15,Male,26,opportunistic_random
91c7dd56-402e-11e9-980f-e4434b0071f4,46_55,intermediate,5_8,desktop,Experiment3_2,Bachelors,TRUE,daily,13955.56991,West,personal,25plus,Female,23,opportunistic_random
e7d0a094-402d-11e9-bc23-e4434b0071f4,26_35,intermediate,8_above,laptop,Experiment3_2,Bachelors,FALSE,daily,2353.563419,West,personal,13_15,Male,227,strategy_switch
4630375c-402f-11e9-8ebb-e4434b0071f4,26_35,intermediate,8_above,laptop,Experiment3_2,Bachelors,TRUE,daily,12066.286,East,personal,13_15,Male,97,strategy_switch
b1406f6e-4032-11e9-abf3-e4434b0071f4,26_35,beginner,8_above,laptop,Experiment3_2,Bachelors,TRUE,daily,9192.072918,West,public,13_15,Male,283,structured_search
f6e432be-4035-11e9-8073-e4434b0071f4,26_35,intermediate,3_5,desktop,Experiment3_2,Bachelors,TRUE,weekly,12419.79612,West,personal,17_21,Female,33,direct
54644720-4037-11e9-958c-e4434b0071f4,26_35,expert,5_8,desktop,Experiment3_2,Bachelors,FALSE,daily,3870.07198,East,personal,17_21,Female,12,direct
a38183bc-4038-11e9-980f-e4434b0071f4,26_35,beginner,5_8,laptop,Experiment3_2,Bachelors,TRUE,daily,7838.327875,West,personal,17_21,Female,732,structured_search
a12bf96a-4044-11e9-84ab-e4434b0071f4,26_35,intermediate,5_8,desktop,Experiment3_2,Bachelors,TRUE,daily,1641.69223,West,personal,17_21,Male,88,strategy_switch
eaabe88e-4044-11e9-bb0f-e4434b0071f4,36_45,expert,5_8,laptop,Experiment3_2,Associates,TRUE,hourly,1377.836923,East,personal,17_21,Male,28,direct
62bd7b12-4045-11e9-af75-e4434b0071f4,18_25,expert,5_8,laptop,Experiment3_2,Bachelors,TRUE,daily,543.1742007,West,personal,13_15,Male,39,direct
82a15ca0-4045-11e9-84ab-e4434b0071f4,26_35,intermediate,5_8,laptop,Experiment3_2,Bachelors,FALSE,daily,543.1742007,East,personal,17_21,Male,89,structured_search
78390f0a-4046-11e9-af75-e4434b0071f4,26_35,intermediate,8_above,desktop,Experiment3_2,not reported,TRUE,hourly,1556.61826,West,personal,23_25,Male,21,direct
9fd4c024-4049-11e9-94f2-e4434b0071f4,26_35,expert,5_8,desktop,Experiment3_2,HighSchool,TRUE,hourly,1729.677677,West,personal,17_21,Female,16,direct
c888c690-404a-11e9-af75-e4434b0071f4,26_35,expert,5_8,desktop,Experiment3_2,HighSchool,FALSE,hourly,1506.644491,East,personal,17_21,Male,113,strategy_switch
7c4e4f62-404e-11e9-bb0f-e4434b0071f4,26_35,expert,8_above,laptop,Experiment3_2,Associates,TRUE,hourly,2869.110308,West,personal,13_15,Male,31,direct
4751e96c-4054-11e9-9da1-e4434b0071f4,18_25,intermediate,5_8,desktop,Experiment3_2,Bachelors,TRUE,daily,1556.61826,West,not reported,17_21,Female,33,direct
efcf3ae6-40f8-11e9-bff2-e4434b0071f4,36_45,expert,8_above,desktop,Experiment3_2,Bachelors,TRUE,daily,10214.95282,West,personal,17_21,Male,15,direct
f3067c24-40f8-11e9-bff2-e4434b0071f4,18_25,beginner,3_5,laptop,Experiment3_2,Masters,TRUE,hourly,7710.504112,West,personal,13_15,Male,10,direct
01e031a4-40f9-11e9-8ed1-e4434b0071f4,18_25,intermediate,1_3,laptop,Experiment3_2,HighSchool,TRUE,daily,11914.45181,West,personal,13_15,Male,32,direct
fbd49868-40f8-11e9-8ed1-e4434b0071f4,26_35,expert,5_8,laptop,Experiment3_2,Bachelors,TRUE,hourly,12028.04342,East,personal,13_15,Male,76,structured_search
fa63e182-40f8-11e9-8ed1-e4434b0071f4,26_35,expert,5_8,desktop,Experiment3_2,HighSchool,FALSE,hourly,10515.50381,East,personal,23_25,Female,121,strategy_switch
31141382-40f9-11e9-b42d-e4434b0071f4,36_45,intermediate,8_above,laptop,Experiment3_2,Associates,TRUE,hourly,7710.504112,West,personal,13_15,Male,68,strategy_switch
6fa501a6-40f9-11e9-bff2-e4434b0071f4,36_45,intermediate,5_8,laptop,Experiment3_2,Bachelors,TRUE,daily,11532.86415,East,personal,13_15,Male,97,opportunistic_random
d3ee91c2-40f9-11e9-8ed1-e4434b0071f4,18_25,intermediate,8_above,desktop,Experiment3_2,HighSchool,TRUE,hourly,8622.714539,East,personal,25plus,Male,66,structured_search
a48cb0bc-40f9-11e9-b8c3-e4434b0071f4,26_35,expert,5_8,laptop,Experiment3_2,Associates,TRUE,hourly,11035.91458,East,personal,13_15,Male,97,direct
db1c45d4-40f9-11e9-b8c3-e4434b0071f4,46_55,expert,3_5,desktop,Experiment3_2,HighSchool,TRUE,daily,10023.95492,West,personal,17_21,Male,61,structured_search
900a5cfc-40f9-11e9-b8c3-e4434b0071f4,18_25,expert,5_8,desktop,Experiment3_2,Bachelors,FALSE,daily,13498.39622,East,personal,17_21,Female,33,direct
c59d4ab4-40f9-11e9-b42d-e4434b0071f4,26_35,intermediate,8_above,desktop,Experiment3_2,Associates,TRUE,hourly,9527.534048,East,personal,23_25,Male,19,structured_search
97cc43d2-40fa-11e9-bc0d-e4434b0071f4,36_45,beginner,8_above,laptop,Experiment3_2,HighSchool,TRUE,hourly,7511.510077,West,personal,13_15,Female,8,direct
3d45c3ba-40fb-11e9-b8c3-e4434b0071f4,26_35,expert,1_3,laptop,Experiment3_2,Bachelors,TRUE,hourly,7463.611826,East,personal,13_15,Male,10,direct
3e0c2752-40fc-11e9-b8c3-e4434b0071f4,26_35,intermediate,8_above,desktop,Experiment3_2,Associates,TRUE,hourly,11424.26085,East,personal,25plus,Male,71,strategy_switch
e41f8680-40fb-11e9-bc0d-e4434b0071f4,26_35,intermediate,5_8,laptop,Experiment3_2,HighSchool,TRUE,daily,10413.60797,West,personal,17_21,Male,54,direct
a93da086-40fd-11e9-a0eb-e4434b0071f4,36_45,expert,1_3,desktop,Experiment3_2,Bachelors,FALSE,hourly,12189.92379,East,public,17_21,Male,84,structured_search
6f505128-40ff-11e9-bff2-e4434b0071f4,56plus,intermediate,5_8,desktop,Experiment3_2,Associates,TRUE,hourly,13785.49915,West,personal,25plus,Female,130,strategy_switch
29cf5028-4103-11e9-8ed1-e4434b0071f4,46_55,expert,8_above,desktop,Experiment3_2,Bachelors,TRUE,daily,13023.12406,East,personal,25plus,Female,20,direct
c3d4e7d6-4104-11e9-b8c3-e4434b0071f4,46_55,expert,5_8,laptop,Experiment3_2,Associates,TRUE,hourly,13704.83126,West,personal,23_25,Female,9,direct
886aa3d8-4114-11e9-a0eb-e4434b0071f4,26_35,novice,5_8,desktop,Experiment3_2,Bachelors,FALSE,daily,7572.303222,East,personal,25plus,Male,333,structured_search
c8a2b434-419d-11e9-8ed1-e4434b0071f4,18_25,novice,1_3,desktop,Experiment3_2,Bachelors,FALSE,daily,13653.49523,East,personal,17_21,Male,69,opportunistic_random
0dab4630-3c3b-11e9-9a59-e4434b0071f4,26_35,intermediate,,laptop,Experiment4,Masters,TRUE,hourly,894.1987545,SouthEast,personal,10_12,Male,18,direct
289ef2e2-3ab1-11e9-b166-e4434b0071f4,46_55,intermediate,5_to_8,laptop,Experiment4,Bachelors,TRUE,daily,5193.656785,SouthEast,personal,17_21,Female,40,direct
57c882ca-3bbc-11e9-9a82-e4434b0071f4,26_35,intermediate,3_to_5,laptop,Experiment4,Bachelors,TRUE,daily,8029.087297,NorthWest,,13_15,Male,28,direct
6285ecf6-3b9f-11e9-b65f-e4434b0071f4,36_45,expert,5_to_8,laptop,Experiment4,Bachelors,TRUE,hourly,11412.14857,SouthEast,personal,17_21,Female,10,direct
8d5a9b94-3c39-11e9-8559-e4434b0071f4,26_35,intermediate,1_to_3,laptop,Experiment4,Bachelors,TRUE,daily,11148.86774,NorthWest,personal,13_15,Female,23,direct
9e4ca604-3c5c-11e9-ad67-e4434b0071f4,18_25,intermediate,8_above,laptop,Experiment4,Bachelors,TRUE,hourly,12817.00209,NorthWest,personal,13_15,Female,16,direct
a4f8e000-3c3c-11e9-b5ef-e4434b0071f4,36_45,intermediate,8_above,desktop,Experiment4,Bachelors,TRUE,daily,3898.906335,NorthWest,personal,not_sp,Female,11,direct
b527baf6-3b87-11e9-809d-e4434b0071f4,26_35,intermediate,5_to_8,desktop,Experiment4,Bachelors,TRUE,hourly,6114.561363,NorthWest,personal,17_21,Male,35,direct
ca2bc630-3c64-11e9-9603-e4434b0071f4,46_55,expert,8_above,laptop,Experiment4,Bachelors,FALSE,hourly,3855.35618,SouthEast,personal,17_21,Female,18,direct
02d3d66a-383e-11e9-9269-e4434b0071f4,36_45,intermediate,8_above,laptop,Experiment4,HighSchool,TRUE,hourly,9533.390548,SouthEast,personal,17_21,Male,157,opportunistic_random
0405f978-3ab4-11e9-ad9c-e4434b0071f4,26_35,expert,8_above,laptop,Experiment4,Bachelors,TRUE,hourly,7316.498019,NorthWest,personal,17_21,Male,140,opportunistic_random
04cc8152-3ab8-11e9-9a2a-e4434b0071f4,18_25,intermediate,5_to_8,desktop,Experiment4,HighSchool,FALSE,daily,2999.220704,SouthEast,personal,25plus,Male,98,opportunistic_random
19e39f1c-36cb-11e9-acb2-e4434b0071f4,26_35,intermediate,3_to_5,laptop,Experiment4,Associates,TRUE,daily,1706.873038,NorthWest,personal,17_21,Female,37,opportunistic_random
22ffcc02-3be3-11e9-8e80-e4434b0071f4,18_25,expert,8_above,laptop,Experiment4,Bachelors,TRUE,hourly,13045.214,NorthWest,personal,13_15,Male,200,opportunistic_random
29ca28da-391c-11e9-b5a5-e4434b0071f4,,intermediate,5_to_8,laptop,Experiment4,HighSchool,TRUE,hourly,2804.211485,SouthEast,personal,13_15,Male,93,opportunistic_random
36fdcf2a-339a-11e9-9ff2-e4434b0071f4,26_35,intermediate,8_above,desktop,Experiment4,Bachelors,TRUE,hourly,5401.229524,NorthWest,personal,23_25,Male,194,opportunistic_random
3b0fc2b8-3c3b-11e9-8542-e4434b0071f4,36_45,intermediate,5_to_8,desktop,Experiment4,HighSchool,FALSE,hourly,794.0055918,NorthWest,personal,23_25,Male,165,opportunistic_random
45ab9da6-3b86-11e9-8acd-e4434b0071f4,26_35,intermediate,3_to_5,desktop,Experiment4,Masters,FALSE,daily,6115.896879,NorthWest,personal,25plus,Female,53,opportunistic_random
5438a522-36c6-11e9-b18a-e4434b0071f4,18_25,intermediate,5_to_8,desktop,Experiment4,Associates,FALSE,hourly,9023.755321,NorthWest,personal,23_25,Male,268,opportunistic_random
593577c6-3ac2-11e9-9762-e4434b0071f4,36_45,intermediate,8_above,desktop,Experiment4,HighSchool,FALSE,hourly,5509.131817,SouthEast,personal,25plus,Female,209,opportunistic_random
5cce22d4-3c39-11e9-8c92-e4434b0071f4,36_45,intermediate,8_above,laptop,Experiment4,Associates,FALSE,hourly,237.9254686,SouthEast,personal,13_15,Female,73,opportunistic_random
649d9fae-3c6f-11e9-a40f-e4434b0071f4,26_35,intermediate,3_to_5,desktop,Experiment4,Bachelors,FALSE,hourly,4208.28456,NorthWest,personal,17_21,Male,214,opportunistic_random
74c871e0-3c76-11e9-9558-e4434b0071f4,26_35,expert,3_to_5,desktop,Experiment4,Bachelors,TRUE,daily,10477.44468,NorthWest,personal,23_25,Male,104,opportunistic_random
7b4e3c8a-3b8a-11e9-9e61-e4434b0071f4,36_45,intermediate,8_above,desktop,Experiment4,Bachelors,TRUE,hourly,3696.450858,SouthEast,personal,23_25,Female,173,opportunistic_random
81be325a-3be9-11e9-865c-e4434b0071f4,26_35,intermediate,5_to_8,desktop,Experiment4,Bachelors,TRUE,hourly,12727.20671,SouthEast,personal,23_25,Male,14,opportunistic_random
84c62a3a-3c65-11e9-9973-e4434b0071f4,26_35,expert,3_to_5,desktop,Experiment4,Bachelors,TRUE,daily,3238.382207,SouthEast,personal,17_21,Female,251,opportunistic_random
89dbabcc-3bd3-11e9-8eaf-e4434b0071f4,56plus,intermediate,1_to_3,laptop,Experiment4,HighSchool,TRUE,daily,9787.769755,SouthEast,personal,25plus,Female,93,opportunistic_random
90712326-3c6f-11e9-9c05-e4434b0071f4,26_35,expert,3_to_5,desktop,Experiment4,Bachelors,FALSE,daily,2584.247684,NorthWest,,17_21,Male,432,opportunistic_random
970e0a0e-3abd-11e9-b5f5-e4434b0071f4,,expert,8_above,desktop,Experiment4,HighSchool,TRUE,hourly,5371.91932,NorthWest,personal,23_25,Male,40,opportunistic_random
9abd5d48-3c5d-11e9-9525-e4434b0071f4,18_25,expert,8_above,laptop,Experiment4,HighSchool,FALSE,hourly,2441.400602,NorthWest,personal,13_15,Male,168,opportunistic_random
9dadfd64-3c5d-11e9-929f-e4434b0071f4,26_35,expert,8_above,laptop,Experiment4,HighSchool,TRUE,hourly,2213.183585,NorthWest,personal,17_21,Female,147,opportunistic_random
a18142e4-3ac2-11e9-9176-e4434b0071f4,26_35,intermediate,5_to_8,laptop,Experiment4,HighSchool,FALSE,hourly,10968.08225,SouthEast,personal,13_15,Male,84,opportunistic_random
a2f30ade-3c77-11e9-b7f2-e4434b0071f4,26_35,expert,3_to_5,desktop,Experiment4,Bachelors,TRUE,daily,11660.99805,NorthWest,personal,23_25,Male,60,opportunistic_random
a836b598-3913-11e9-ab21-e4434b0071f4,18_25,intermediate,5_to_8,laptop,Experiment4,Associates,FALSE,daily,10063.85848,NorthWest,personal,17_21,Male,130,opportunistic_random
ad5cce2a-383e-11e9-a082-e4434b0071f4,26_35,expert,8_above,desktop,Experiment4,HighSchool,FALSE,hourly,1159.650286,SouthEast,personal,17_21,Male,202,opportunistic_random
b2421222-36ce-11e9-acb2-e4434b0071f4,18_25,intermediate,8_above,desktop,Experiment4,HighSchool,TRUE,daily,8500.140045,NorthWest,personal,23_25,Male,253,opportunistic_random
b7f9beee-3aad-11e9-8529-e4434b0071f4,26_35,intermediate,8_above,desktop,Experiment4,Masters,TRUE,hourly,8685.778104,SouthEast,personal,23_25,Female,158,opportunistic_random
bc850d00-3c5c-11e9-a57e-e4434b0071f4,26_35,intermediate,8_above,desktop,Experiment4,Bachelors,TRUE,daily,11259.70131,SouthEast,personal,25plus,Male,70,opportunistic_random
bd60fc6e-3ab5-11e9-a2af-e4434b0071f4,26_35,intermediate,5_to_8,desktop,Experiment4,Bachelors,TRUE,hourly,5021.35945,NorthWest,personal,23_25,Female,245,opportunistic_random
c595d6de-3aab-11e9-878a-e4434b0071f4,36_45,expert,5_to_8,laptop,Experiment4,Bachelors,TRUE,hourly,9996.526116,SouthEast,personal,13_15,Female,126,opportunistic_random
de47475a-3c48-11e9-8010-e4434b0071f4,18_25,expert,8_above,laptop,Experiment4,Bachelors,TRUE,hourly,7183.875262,NorthWest,personal,13_15,Male,40,opportunistic_random
f42c4a76-3c65-11e9-bc8f-e4434b0071f4,46_55,expert,8_above,laptop,Experiment4,Bachelors,FALSE,hourly,323.4287055,SouthEast,personal,17_21,Female,99,opportunistic_random
f5b29fb8-3aac-11e9-929c-e4434b0071f4,26_35,expert,8_above,laptop,Experiment4,Bachelors,TRUE,hourly,7585.624129,SouthEast,personal,13_15,Female,105,opportunistic_random
f91cf2f8-3bd7-11e9-ab01-e4434b0071f4,26_35,intermediate,3_to_5,laptop,Experiment4,,TRUE,daily,13755.66737,NorthWest,personal,13_15,Female,47,opportunistic_random
fbfd3008-3c6f-11e9-8cc2-e4434b0071f4,36_45,expert,8_above,desktop,Experiment4,PhD,FALSE,hourly,8815.478834,SouthEast,personal,17_21,Male,61,opportunistic_random
fd3bf3c0-3be1-11e9-9c77-e4434b0071f4,26_35,intermediate,8_above,laptop,Experiment4,Associates,TRUE,hourly,13169.85913,NorthWest,personal,13_15,Female,103,opportunistic_random
035edc00-392a-11e9-81f4-e4434b0071f4,18_25,expert,8_above,desktop,Experiment4,HighSchool,TRUE,hourly,2897.035923,NorthWest,personal,23_25,Male,338,strategy_switch
041f6ae6-3c5a-11e9-91ff-e4434b0071f4,36_45,intermediate,8_above,desktop,Experiment4,Bachelors,TRUE,hourly,10099.59758,NorthWest,personal,17_21,Female,148,strategy_switch
0cf919ae-3841-11e9-9135-e4434b0071f4,36_45,,3_to_5,desktop,Experiment4,Associates,TRUE,hourly,285.7072196,NorthWest,personal,17_21,Male,39,strategy_switch
141ed520-3c5b-11e9-941d-e4434b0071f4,36_45,intermediate,8_above,desktop,Experiment4,Masters,TRUE,hourly,6046.732256,SouthEast,personal,17_21,Female,199,strategy_switch
14de372a-3b7b-11e9-9ecb-e4434b0071f4,26_35,intermediate,8_above,laptop,Experiment4,Masters,TRUE,hourly,11547.67232,NorthWest,personal,17_21,Female,259,strategy_switch
1d6346f2-3ab7-11e9-a43a-e4434b0071f4,26_35,expert,3_to_5,laptop,Experiment4,Bachelors,TRUE,daily,11896.42532,NorthWest,personal,13_15,Male,100,strategy_switch
219b1304-3c5a-11e9-af51-e4434b0071f4,36_45,intermediate,3_to_5,laptop,Experiment4,HighSchool,FALSE,hourly,7295.707236,NorthWest,personal,10_12,Male,170,strategy_switch
2c05afc4-3bde-11e9-a92b-e4434b0071f4,56plus,intermediate,5_to_8,desktop,Experiment4,Bachelors,TRUE,daily,12437.28785,NorthWest,personal,25plus,Female,789,strategy_switch
347ad5c8-3b82-11e9-8fff-e4434b0071f4,46_55,intermediate,5_to_8,desktop,Experiment4,HighSchool,TRUE,daily,10665.94783,NorthWest,personal,13_15,Male,68,strategy_switch
3516c68a-3b92-11e9-83c1-e4434b0071f4,26_35,beginner,3_to_5,laptop,Experiment4,Bachelors,FALSE,daily,1158.222741,SouthEast,personal,13_15,Male,810,strategy_switch
37769a58-3b7a-11e9-b7f0-e4434b0071f4,46_55,intermediate,5_to_8,desktop,Experiment4,Associates,FALSE,hourly,7120.181469,SouthEast,personal,23_25,Female,117,strategy_switch
397a3482-3bd3-11e9-990f-e4434b0071f4,26_35,expert,8_above,laptop,Experiment4,Bachelors,FALSE,hourly,11687.25112,SouthEast,personal,25plus,Male,96,strategy_switch
39da97b4-3840-11e9-9135-e4434b0071f4,36_45,expert,8_above,desktop,Experiment4,HighSchool,TRUE,hourly,10078.13458,NorthWest,personal,25plus,Male,121,strategy_switch
41744da4-3c59-11e9-8334-e4434b0071f4,36_45,intermediate,3_to_5,desktop,Experiment4,Bachelors,TRUE,daily,9630.395079,SouthEast,personal,23_25,Male,155,strategy_switch
46d815e0-3845-11e9-a863-e4434b0071f4,26_35,expert,8_above,desktop,Experiment4,Bachelors,FALSE,hourly,916.7959032,NorthWest,personal,25plus,Male,110,strategy_switch
4983b516-3bd7-11e9-a60b-e4434b0071f4,26_35,intermediate,5_to_8,desktop,Experiment4,Bachelors,TRUE,daily,13595.49162,SouthEast,personal,23_25,Male,163,strategy_switch
53643baa-3c59-11e9-ae7a-e4434b0071f4,36_45,expert,1_to_3,desktop,Experiment4,Associates,FALSE,daily,7228.706434,SouthEast,personal,23_25,Male,103,strategy_switch
5375ee82-36bd-11e9-9269-e4434b0071f4,36_45,intermediate,5_to_8,desktop,Experiment4,HighSchool,TRUE,hourly,540.2106006,SouthEast,personal,25plus,Female,209,strategy_switch
53a682e0-3c3a-11e9-abe1-e4434b0071f4,26_35,beginner,3_to_5,laptop,Experiment4,Bachelors,TRUE,daily,13732.89203,SouthEast,public,17_21,Male,295,strategy_switch
61e2cee0-36c2-11e9-a863-e4434b0071f4,26_35,beginner,5_to_8,desktop,Experiment4,Bachelors,FALSE,hourly,5351.172883,NorthWest,personal,17_21,Female,359,strategy_switch
6e7f67c8-3c6f-11e9-a0b1-e4434b0071f4,18_25,intermediate,5_to_8,desktop,Experiment4,HighSchool,TRUE,hourly,3251.619935,NorthWest,personal,23_25,Female,88,strategy_switch
7052f7ca-3c3f-11e9-8cec-e4434b0071f4,26_35,intermediate,1_to_3,desktop,Experiment4,Masters,FALSE,hourly,2171.137592,SouthEast,personal,10_12,Male,742,strategy_switch
7627b140-3b7c-11e9-99a0-e4434b0071f4,26_35,beginner,1_to_3,desktop,Experiment4,Bachelors,TRUE,daily,198.2534596,NorthWest,personal,13_15,Male,420,strategy_switch
7781148a-3b8d-11e9-b4e6-e4434b0071f4,26_35,beginner,8_above,laptop,Experiment4,Bachelors,FALSE,daily,2325.367164,SouthEast,,13_15,Male,478,strategy_switch
7afba174-3ab2-11e9-be30-e4434b0071f4,18_25,expert,3_to_5,desktop,Experiment4,Bachelors,TRUE,hourly,4857.191631,NorthWest,personal,23_25,Male,139,strategy_switch
a8b4b8ee-3c38-11e9-b66e-e4434b0071f4,56plus,intermediate,5_to_8,laptop,Experiment4,HighSchool,TRUE,hourly,12046.24813,SouthEast,personal,13_15,Male,124,strategy_switch
bca15fc4-3c6f-11e9-bb6d-e4434b0071f4,26_35,expert,3_to_5,desktop,Experiment4,Bachelors,FALSE,daily,4628.197988,SouthEast,personal,17_21,Female,572,strategy_switch
d7e54e44-3c42-11e9-b51a-e4434b0071f4,26_35,novice,8_above,desktop,Experiment4,HighSchool,FALSE,hourly,4447.592444,SouthEast,personal,25plus,Male,246,strategy_switch
d91eeb90-339f-11e9-887b-e4434b0071f4,26_35,beginner,3_to_5,desktop,Experiment4,Associates,FALSE,daily,9023.755321,NorthWest,personal,13_15,Male,180,strategy_switch
dba92b10-3c5e-11e9-bd9c-e4434b0071f4,36_45,intermediate,8_above,desktop,Experiment4,HighSchool,FALSE,daily,13303.99375,NorthWest,personal,17_21,Female,102,strategy_switch
de47f2c4-3c3c-11e9-9159-e4434b0071f4,46_55,intermediate,8_above,laptop,Experiment4,Bachelors,TRUE,daily,4635.76936,NorthWest,personal,13_15,Female,342,strategy_switch
e71c8356-3c6e-11e9-bcb4-e4434b0071f4,56plus,intermediate,5_to_8,desktop,Experiment4,Associates,FALSE,hourly,5352.301645,NorthWest,public,17_21,Male,80,strategy_switch
ea106982-3c65-11e9-9e48-e4434b0071f4,36_45,intermediate,5_to_8,laptop,Experiment4,Associates,TRUE,daily,11539.22997,NorthWest,personal,23_25,Male,262,strategy_switch
f6e78c42-3c62-11e9-9bc9-e4434b0071f4,26_35,expert,5_to_8,laptop,Experiment4,HighSchool,FALSE,hourly,10989.38199,SouthEast,personal,13_15,Female,230,strategy_switch
f8023464-3bbe-11e9-a4a7-e4434b0071f4,18_25,intermediate,1_to_3,laptop,Experiment4,Bachelors,FALSE,daily,7502.518299,SouthEast,personal,17_21,Male,197,strategy_switch
fe9e6cb4-3abc-11e9-a20a-e4434b0071f4,26_35,beginner,3_to_5,desktop,Experiment4,Bachelors,TRUE,monthly,4491.290727,SouthEast,personal,13_15,Female,763,strategy_switch
102d0f1e-3c5a-11e9-aded-e4434b0071f4,18_25,intermediate,8_above,laptop,Experiment4,HighSchool,TRUE,hourly,3448.350696,SouthEast,personal,17_21,Female,65,structured_search
13837d1c-383e-11e9-847c-e4434b0071f4,26_35,intermediate,3_to_5,laptop,Experiment4,Bachelors,TRUE,hourly,1941.012626,SouthEast,personal,13_15,Female,18,structured_search
16b1441a-3c62-11e9-94e6-e4434b0071f4,36_45,expert,8_above,laptop,Experiment4,HighSchool,TRUE,hourly,5940.901729,SouthEast,personal,13_15,Male,46,structured_search
1b64a384-3abf-11e9-97e7-e4434b0071f4,36_45,intermediate,1_to_3,laptop,Experiment4,Bachelors,TRUE,daily,3308.759511,NorthWest,personal,13_15,Male,55,structured_search
1c01aa30-3c3b-11e9-9a38-e4434b0071f4,26_35,beginner,,desktop,Experiment4,Bachelors,FALSE,daily,9307.248043,SouthEast,public,23_25,Male,417,structured_search
2998d186-3ab1-11e9-9c6f-e4434b0071f4,36_45,expert,5_to_8,desktop,Experiment4,Bachelors,FALSE,hourly,3756.021296,SouthEast,personal,23_25,Male,171,structured_search
5ff5362e-3c38-11e9-8335-e4434b0071f4,26_35,beginner,5_to_8,laptop,Experiment4,Bachelors,FALSE,hourly,5695.576714,SouthEast,public,13_15,Female,93,structured_search
6d745742-36c7-11e9-847c-e4434b0071f4,46_55,expert,8_above,desktop,Experiment4,HighSchool,FALSE,hourly,12786.18913,NorthWest,personal,25plus,Male,42,structured_search
6feac49c-3c59-11e9-bfce-e4434b0071f4,36_45,expert,5_to_8,desktop,Experiment4,Bachelors,FALSE,hourly,10189.7765,SouthEast,personal,13_15,Female,250,structured_search
70e48e74-3c5d-11e9-9e20-e4434b0071f4,18_25,expert,5_to_8,laptop,Experiment4,,TRUE,hourly,10990.04518,SouthEast,personal,13_15,Male,250,structured_search
79386e3a-3c5b-11e9-bf18-e4434b0071f4,26_35,,3_to_5,desktop,Experiment4,Bachelors,TRUE,hourly,6363.111765,NorthWest,personal,10_12,Female,450,structured_search
8c0f3226-3c3a-11e9-8597-e4434b0071f4,26_35,expert,5_to_8,laptop,Experiment4,Bachelors,FALSE,daily,9674.809659,SouthEast,,13_15,Female,239,structured_search
93ae09a6-3b79-11e9-86ed-e4434b0071f4,46_55,expert,8_above,desktop,Experiment4,Bachelors,FALSE,hourly,3834.633729,SouthEast,personal,17_21,Male,90,structured_search
97f400cc-3c84-11e9-93c6-e4434b0071f4,26_35,intermediate,5_to_8,laptop,Experiment4,Bachelors,FALSE,hourly,12036.446,SouthEast,personal,13_15,Female,125,structured_search
b2766d8a-383e-11e9-b18a-e4434b0071f4,36_45,expert,8_above,desktop,Experiment4,Bachelors,TRUE,hourly,13398.0146,SouthEast,personal,25plus,Male,89,structured_search
c8d3416c-3ab8-11e9-92d0-e4434b0071f4,36_45,expert,8_above,desktop,Experiment4,Bachelors,FALSE,hourly,1622.473421,SouthEast,personal,23_25,Female,108,structured_search
c955a722-36be-11e9-9269-e4434b0071f4,36_45,intermediate,8_above,laptop,Experiment4,Bachelors,FALSE,daily,8500.140045,SouthEast,personal,17_21,Female,95,structured_search
d9d160a8-3c6f-11e9-b1c8-e4434b0071f4,26_35,intermediate,8_above,laptop,Experiment4,HighSchool,FALSE,hourly,8674.265008,SouthEast,personal,13_15,Male,175,structured_search
f4bd9596-3c4a-11e9-ac8f-e4434b0071f4,56plus,intermediate,3_to_5,desktop,Experiment4,HighSchool,TRUE,hourly,5247.132323,NorthWest,personal,23_25,Female,73,structured_search
f5437b5a-3ac6-11e9-a5d6-e4434b0071f4,56plus,intermediate,3_to_5,desktop,Experiment4,HighSchool,TRUE,daily,3484.628763,SouthEast,personal,17_21,Male,82,structured_search
fdda2820-3c71-11e9-9b6e-e4434b0071f4,26_35,expert,5_to_8,laptop,Experiment4,Bachelors,FALSE,hourly,9007.362165,NorthWest,personal,13_15,Male,90,structured_search