userid,condition,latency,foundFastTargetFirst,search_strategy
01936056-0e7c-11e7-980e-d4ae5273e5cf,Experiment1,14000,FALSE,structured_search
0bb401cc-0e1c-11e7-b7fa-d4ae5273e5cf,Experiment1,14000,FALSE,structured_search
11e8dc18-0e38-11e7-b815-d4ae5273e5cf,Experiment1,7000,TRUE,structured_search
15025e80-0ea4-11e7-9815-d4ae5273e5cf,Experiment1,10000,FALSE,opportunistic_random
15f1d020-0ec5-11e7-b7fa-d4ae5273e5cf,Experiment1,0,TRUE,strategy_switch
176b23b6-0ec5-11e7-95da-d4ae5273e5cf,Experiment1,10000,FALSE,opportunistic_random
1a3c4560-0e9e-11e7-b7fa-d4ae5273e5cf,Experiment1,2500,FALSE,strategy_switch
1e048ce0-0e06-11e7-b815-d4ae5273e5cf,Experiment1,2500,FALSE,structured_search
209c78fa-0e24-11e7-980e-d4ae5273e5cf,Experiment1,7000,FALSE,strategy_switch
2421432c-0ed1-11e7-b74f-d4ae5273e5cf,Experiment1,0,TRUE,strategy_switch
248700fc-0dca-11e7-980e-d4ae5273e5cf,Experiment1,0,FALSE,strategy_switch
25fd06a6-0ec5-11e7-b815-d4ae5273e5cf,Experiment1,7000,TRUE,strategy_switch
2722ecec-0dd2-11e7-b7fa-d4ae5273e5cf,Experiment1,10000,TRUE,structured_search
27a63aae-0ed4-11e7-b74f-d4ae5273e5cf,Experiment1,14000,TRUE,strategy_switch
2a2b48e6-0ec5-11e7-8a85-d4ae5273e5cf,Experiment1,14000,TRUE,opportunistic_random
359f7e5c-0e9a-11e7-95da-d4ae5273e5cf,Experiment1,10000,TRUE,structured_search
3634af32-0ec6-11e7-980e-d4ae5273e5cf,Experiment1,0,TRUE,strategy_switch
363c7774-0e7d-11e7-b815-d4ae5273e5cf,Experiment1,7000,FALSE,strategy_switch
36d2239c-0ed1-11e7-b74f-d4ae5273e5cf,Experiment1,2500,FALSE,strategy_switch
3bd38bf6-0e13-11e7-8a85-d4ae5273e5cf,Experiment1,0,TRUE,direct
412c6804-0e7f-11e7-9815-d4ae5273e5cf,Experiment1,2500,TRUE,structured_search
44f051be-0e0a-11e7-b815-d4ae5273e5cf,Experiment1,14000,TRUE,opportunistic_random
451fec06-0ec5-11e7-b7fa-d4ae5273e5cf,Experiment1,7000,TRUE,structured_search
464cb626-0ec6-11e7-8a85-d4ae5273e5cf,Experiment1,14000,TRUE,strategy_switch
46e81b7e-0e8b-11e7-980e-d4ae5273e5cf,Experiment1,2500,TRUE,opportunistic_random
4addb2e6-0e24-11e7-b74f-d4ae5273e5cf,Experiment1,10000,TRUE,structured_search
4ced99e8-0ea1-11e7-8a85-d4ae5273e5cf,Experiment1,7000,TRUE,structured_search
4fb80536-0ec5-11e7-b74f-d4ae5273e5cf,Experiment1,2500,TRUE,strategy_switch
54da33c0-0e81-11e7-b7fa-d4ae5273e5cf,Experiment1,7000,TRUE,structured_search
589d7cd6-0e0b-11e7-8a85-d4ae5273e5cf,Experiment1,0,TRUE,strategy_switch
5d787478-0e7d-11e7-b815-d4ae5273e5cf,Experiment1,10000,TRUE,strategy_switch
60532e80-0ec9-11e7-980e-d4ae5273e5cf,Experiment1,2500,TRUE,opportunistic_random
66298ac8-0e12-11e7-95da-d4ae5273e5cf,Experiment1,14000,TRUE,structured_search
66bfc6a6-0ec5-11e7-95da-d4ae5273e5cf,Experiment1,14000,TRUE,strategy_switch
6a8ba15e-0ec7-11e7-8a85-d4ae5273e5cf,Experiment1,2500,TRUE,opportunistic_random
6b0e17ae-0de3-11e7-980e-d4ae5273e5cf,Experiment1,10000,TRUE,strategy_switch
6c1bd9fe-0e8f-11e7-9815-d4ae5273e5cf,Experiment1,0,TRUE,opportunistic_random
6f0e4cd2-0ec6-11e7-9815-d4ae5273e5cf,Experiment1,10000,TRUE,opportunistic_random
6f2c4918-0ec5-11e7-b7fa-d4ae5273e5cf,Experiment1,10000,FALSE,strategy_switch
708482c0-0dd6-11e7-b7fa-d4ae5273e5cf,Experiment1,2500,TRUE,structured_search
7087633c-0e12-11e7-95da-d4ae5273e5cf,Experiment1,14000,TRUE,opportunistic_random
7107172e-0e28-11e7-b7fa-d4ae5273e5cf,Experiment1,0,FALSE,direct
72779986-0ed1-11e7-b74f-d4ae5273e5cf,Experiment1,2500,FALSE,strategy_switch
758a1114-0f24-11e7-a2d0-d4ae5273e5cf,Experiment1,0,FALSE,structured_search
760ca188-0e8e-11e7-b74f-d4ae5273e5cf,Experiment1,10000,FALSE,strategy_switch
76ba5e76-0def-11e7-b74f-d4ae5273e5cf,Experiment1,10000,FALSE,opportunistic_random
7ae7b11a-0e8a-11e7-9815-d4ae5273e5cf,Experiment1,0,TRUE,strategy_switch
80b17832-0ed1-11e7-b74f-d4ae5273e5cf,Experiment1,0,TRUE,structured_search
81b3c4c8-0e14-11e7-b815-d4ae5273e5cf,Experiment1,2500,FALSE,opportunistic_random
823811c2-0ec5-11e7-b74f-d4ae5273e5cf,Experiment1,7000,TRUE,opportunistic_random
87ce7d68-0e8b-11e7-b74f-d4ae5273e5cf,Experiment1,7000,TRUE,structured_search
8836d430-0e90-11e7-980e-d4ae5273e5cf,Experiment1,2500,TRUE,structured_search
8aedaeb2-0ec5-11e7-95da-d4ae5273e5cf,Experiment1,2500,FALSE,structured_search
8d90782e-0dc7-11e7-b815-d4ae5273e5cf,Experiment1,10000,TRUE,structured_search
8e1e469c-0df2-11e7-b74f-d4ae5273e5cf,Experiment1,7000,TRUE,structured_search
8e2973c2-0ec5-11e7-b815-d4ae5273e5cf,Experiment1,0,FALSE,structured_search
8fa94ff8-0e91-11e7-980e-d4ae5273e5cf,Experiment1,7000,FALSE,opportunistic_random
93e79ab2-0ec7-11e7-95da-d4ae5273e5cf,Experiment1,7000,TRUE,structured_search
95691a54-0e87-11e7-9815-d4ae5273e5cf,Experiment1,14000,TRUE,opportunistic_random
98a27452-0ee3-11e7-b7fa-d4ae5273e5cf,Experiment1,10000,TRUE,opportunistic_random
9ad1b1dc-0e0e-11e7-95da-d4ae5273e5cf,Experiment1,2500,TRUE,structured_search
9b945c78-0e13-11e7-95da-d4ae5273e5cf,Experiment1,0,FALSE,strategy_switch
9cadf568-0dca-11e7-980e-d4ae5273e5cf,Experiment1,2500,TRUE,opportunistic_random
9de2c6e0-0dcd-11e7-b815-d4ae5273e5cf,Experiment1,14000,FALSE,strategy_switch
a2ae77a2-0dc6-11e7-8a85-d4ae5273e5cf,Experiment1,0,FALSE,strategy_switch
a3058c5c-0e27-11e7-9815-d4ae5273e5cf,Experiment1,14000,FALSE,structured_search
a5248ddc-0dc6-11e7-b815-d4ae5273e5cf,Experiment1,7000,TRUE,strategy_switch
a5b60d1a-0ed5-11e7-8a85-d4ae5273e5cf,Experiment1,7000,FALSE,opportunistic_random
a7bb60d6-0e05-11e7-b815-d4ae5273e5cf,Experiment1,14000,FALSE,direct
aa3a4a10-0de8-11e7-b815-d4ae5273e5cf,Experiment1,2500,TRUE,structured_search
ac4111fa-0e05-11e7-9815-d4ae5273e5cf,Experiment1,0,TRUE,structured_search
adf5bf68-0dcf-11e7-95da-d4ae5273e5cf,Experiment1,0,FALSE,structured_search
b2a2915a-0de6-11e7-b74f-d4ae5273e5cf,Experiment1,14000,TRUE,strategy_switch
b2e30b70-0e7e-11e7-b815-d4ae5273e5cf,Experiment1,14000,TRUE,strategy_switch
b4ad2be0-0e22-11e7-8a85-d4ae5273e5cf,Experiment1,0,TRUE,structured_search
b502ae14-0dc6-11e7-9815-d4ae5273e5cf,Experiment1,2500,TRUE,structured_search
b9dd0a1e-0e12-11e7-95da-d4ae5273e5cf,Experiment1,7000,TRUE,structured_search
bc2af5fc-0e84-11e7-95da-d4ae5273e5cf,Experiment1,10000,TRUE,opportunistic_random
bcda14a2-0ece-11e7-95da-d4ae5273e5cf,Experiment1,14000,TRUE,structured_search
bfc0d482-0ed1-11e7-b74f-d4ae5273e5cf,Experiment1,10000,TRUE,strategy_switch
c51cb1a0-0ed4-11e7-b7fa-d4ae5273e5cf,Experiment1,10000,TRUE,strategy_switch
c5415e06-0ec5-11e7-980e-d4ae5273e5cf,Experiment1,14000,TRUE,direct
c84c5fc4-0dcb-11e7-b74f-d4ae5273e5cf,Experiment1,7000,FALSE,strategy_switch
c89c3c1c-0e05-11e7-b815-d4ae5273e5cf,Experiment1,0,FALSE,strategy_switch
c89cd4aa-0e15-11e7-9815-d4ae5273e5cf,Experiment1,7000,TRUE,opportunistic_random
c9478a78-0f21-11e7-bb58-d4ae5273e5cf,Experiment1,0,TRUE,structured_search
cc0a45d4-0e7c-11e7-9815-d4ae5273e5cf,Experiment1,2500,TRUE,strategy_switch
cd8e2e56-0e05-11e7-8a85-d4ae5273e5cf,Experiment1,10000,FALSE,strategy_switch
cea5c984-0e05-11e7-980e-d4ae5273e5cf,Experiment1,14000,TRUE,opportunistic_random
d21ea81a-0e37-11e7-9815-d4ae5273e5cf,Experiment1,2500,FALSE,structured_search
d3cf91f0-0ec4-11e7-b815-d4ae5273e5cf,Experiment1,14000,TRUE,opportunistic_random
db079448-0e7b-11e7-95da-d4ae5273e5cf,Experiment1,10000,TRUE,opportunistic_random
dba5da0a-0ed4-11e7-8a85-d4ae5273e5cf,Experiment1,14000,TRUE,opportunistic_random
dcd588c4-0e13-11e7-95da-d4ae5273e5cf,Experiment1,10000,FALSE,structured_search
e3713d7a-0e1a-11e7-b815-d4ae5273e5cf,Experiment1,10000,TRUE,strategy_switch
e508df92-0ec6-11e7-b815-d4ae5273e5cf,Experiment1,7000,FALSE,structured_search
e978421a-0e13-11e7-95da-d4ae5273e5cf,Experiment1,14000,TRUE,structured_search
e9fd6a92-0e06-11e7-980e-d4ae5273e5cf,Experiment1,7000,TRUE,structured_search
edaa71c0-0ec5-11e7-b7fa-d4ae5273e5cf,Experiment1,7000,TRUE,strategy_switch
f6688f00-0ec4-11e7-980e-d4ae5273e5cf,Experiment1,2500,FALSE,strategy_switch
f8743a7e-0ed3-11e7-9815-d4ae5273e5cf,Experiment1,2500,FALSE,structured_search
00282312-0f8c-11e7-8210-d4ae5273e5cf,Experiment2,0,FALSE,structured_search
041642b2-112e-11e7-8f64-d4ae5273e5cf,Experiment2,7000,TRUE,strategy_switch
0475698e-0fcd-11e7-bfcd-d4ae5273e5cf,Experiment2,14000,FALSE,opportunistic_random
08aaa79a-10fd-11e7-a50f-d4ae5273e5cf,Experiment2,10000,TRUE,structured_search
0bef62b0-0f90-11e7-8210-d4ae5273e5cf,Experiment2,14000,FALSE,structured_search
0c5cc382-0fc7-11e7-a02b-d4ae5273e5cf,Experiment2,2500,TRUE,structured_search
1107ff26-110e-11e7-9ffc-d4ae5273e5cf,Experiment2,7000,TRUE,strategy_switch
1a518ee6-10fd-11e7-8f64-d4ae5273e5cf,Experiment2,7000,FALSE,opportunistic_random
1d5ab7d4-101c-11e7-a928-d4ae5273e5cf,Experiment2,14000,FALSE,opportunistic_random
1dec3e48-1148-11e7-9ec9-d4ae5273e5cf,Experiment2,10000,TRUE,opportunistic_random
2387baa2-1121-11e7-86fb-d4ae5273e5cf,Experiment2,7000,FALSE,structured_search
2c219d18-0faa-11e7-8f7d-d4ae5273e5cf,Experiment2,2500,TRUE,opportunistic_random
32b5a3dc-0fbd-11e7-a02b-d4ae5273e5cf,Experiment2,2500,TRUE,opportunistic_random
34be7300-110e-11e7-a50f-d4ae5273e5cf,Experiment2,7000,TRUE,opportunistic_random
35b0b78c-0f8d-11e7-ad1b-d4ae5273e5cf,Experiment2,14000,TRUE,opportunistic_random
36401d8c-110e-11e7-8f64-d4ae5273e5cf,Experiment2,10000,TRUE,structured_search
38a11956-10fe-11e7-9ffc-d4ae5273e5cf,Experiment2,7000,TRUE,structured_search
39a7d88e-0fb0-11e7-8210-d4ae5273e5cf,Experiment2,0,FALSE,structured_search
3a797ee2-0fbb-11e7-8210-d4ae5273e5cf,Experiment2,14000,TRUE,opportunistic_random
3b6d3818-0f8c-11e7-a02b-d4ae5273e5cf,Experiment2,14000,FALSE,structured_search
40518682-1102-11e7-a50f-d4ae5273e5cf,Experiment2,7000,TRUE,opportunistic_random
41812a76-10fd-11e7-89c7-d4ae5273e5cf,Experiment2,10000,FALSE,opportunistic_random
4191b790-0f8d-11e7-a02b-d4ae5273e5cf,Experiment2,2500,FALSE,opportunistic_random
453cfbcc-0fa4-11e7-a02b-d4ae5273e5cf,Experiment2,2500,FALSE,structured_search
4662b874-0fbe-11e7-bfcd-d4ae5273e5cf,Experiment2,0,TRUE,structured_search
4900b2f6-0f8d-11e7-ad1b-d4ae5273e5cf,Experiment2,0,TRUE,opportunistic_random
49fa9ede-0fa5-11e7-bfcd-d4ae5273e5cf,Experiment2,14000,FALSE,structured_search
4c5b785c-0fa4-11e7-8010-d4ae5273e5cf,Experiment2,14000,TRUE,opportunistic_random
4cfb6c14-0fbc-11e7-8210-d4ae5273e5cf,Experiment2,2500,TRUE,structured_search
500baaf8-10fd-11e7-a50f-d4ae5273e5cf,Experiment2,10000,TRUE,opportunistic_random
55a58246-101b-11e7-815b-d4ae5273e5cf,Experiment2,0,TRUE,structured_search
58d6ca24-110b-11e7-854e-d4ae5273e5cf,Experiment2,10000,TRUE,opportunistic_random
5a5fee74-0f9a-11e7-8468-d4ae5273e5cf,Experiment2,0,FALSE,opportunistic_random
5d2e216e-10ff-11e7-8f64-d4ae5273e5cf,Experiment2,10000,FALSE,opportunistic_random
5e6b4e6c-0fab-11e7-8010-d4ae5273e5cf,Experiment2,0,FALSE,structured_search
60f21ef6-0fa9-11e7-8f7d-d4ae5273e5cf,Experiment2,14000,FALSE,strategy_switch
62faa2ae-1152-11e7-8e4e-d4ae5273e5cf,Experiment2,10000,TRUE,structured_search
662403e0-0fbc-11e7-8210-d4ae5273e5cf,Experiment2,2500,TRUE,structured_search
69b0b930-0fa9-11e7-8f7d-d4ae5273e5cf,Experiment2,0,FALSE,strategy_switch
6bf7af60-0fbc-11e7-ad1b-d4ae5273e5cf,Experiment2,0,TRUE,structured_search
6f0f4b78-1015-11e7-a8ab-d4ae5273e5cf,Experiment2,0,FALSE,structured_search
73c2c1d2-100f-11e7-a8ab-d4ae5273e5cf,Experiment2,14000,TRUE,strategy_switch
74a58b66-10ff-11e7-86fb-d4ae5273e5cf,Experiment2,7000,TRUE,structured_search
764c90de-0fbc-11e7-bfcd-d4ae5273e5cf,Experiment2,0,TRUE,structured_search
7654a4fe-110b-11e7-a50f-d4ae5273e5cf,Experiment2,7000,TRUE,structured_search
779a8818-110d-11e7-8f64-d4ae5273e5cf,Experiment2,10000,TRUE,opportunistic_random
7fd9e150-0f8b-11e7-8210-d4ae5273e5cf,Experiment2,0,TRUE,opportunistic_random
809fb4a8-110b-11e7-86fb-d4ae5273e5cf,Experiment2,10000,TRUE,strategy_switch
8697cf94-0fbc-11e7-8210-d4ae5273e5cf,Experiment2,2500,TRUE,opportunistic_random
879fe5bc-0fbb-11e7-a02b-d4ae5273e5cf,Experiment2,2500,TRUE,structured_search
893d203c-110b-11e7-86fb-d4ae5273e5cf,Experiment2,10000,TRUE,opportunistic_random
89cbeb52-1032-11e7-9b64-d4ae5273e5cf,Experiment2,14000,TRUE,strategy_switch
8d8f4386-110b-11e7-9ffc-d4ae5273e5cf,Experiment2,10000,TRUE,structured_search
8e242a08-0fa5-11e7-a02b-d4ae5273e5cf,Experiment2,2500,FALSE,opportunistic_random
93eb6fde-110b-11e7-854e-d4ae5273e5cf,Experiment2,10000,FALSE,strategy_switch
959c446a-0f8b-11e7-ad1b-d4ae5273e5cf,Experiment2,0,TRUE,strategy_switch
95ca703a-0fbb-11e7-bfcd-d4ae5273e5cf,Experiment2,14000,TRUE,opportunistic_random
989a0f98-0fff-11e7-bfcd-d4ae5273e5cf,Experiment2,0,FALSE,structured_search
98b843da-0fbb-11e7-8f7d-d4ae5273e5cf,Experiment2,14000,FALSE,opportunistic_random
9a2a7a16-110b-11e7-8f64-d4ae5273e5cf,Experiment2,7000,FALSE,opportunistic_random
9f08b200-0fbc-11e7-a02b-d4ae5273e5cf,Experiment2,14000,TRUE,structured_search
9f78fe94-0fbb-11e7-8f7d-d4ae5273e5cf,Experiment2,2500,TRUE,opportunistic_random
9fc48542-0f8b-11e7-8468-d4ae5273e5cf,Experiment2,2500,TRUE,opportunistic_random
a34a6096-1126-11e7-a50f-d4ae5273e5cf,Experiment2,7000,TRUE,strategy_switch
a5afea5e-0fa5-11e7-a02b-d4ae5273e5cf,Experiment2,0,FALSE,opportunistic_random
a9b3d01c-0f8b-11e7-8210-d4ae5273e5cf,Experiment2,0,FALSE,strategy_switch
abb304be-0f8b-11e7-ad1b-d4ae5273e5cf,Experiment2,14000,TRUE,strategy_switch
acd4a8b8-111e-11e7-86fb-d4ae5273e5cf,Experiment2,7000,FALSE,strategy_switch
b53eca2c-0f8b-11e7-8468-d4ae5273e5cf,Experiment2,2500,TRUE,structured_search
b6e9fb00-0fbb-11e7-8f7d-d4ae5273e5cf,Experiment2,2500,TRUE,structured_search
b6fdd96c-110b-11e7-a50f-d4ae5273e5cf,Experiment2,7000,TRUE,structured_search
b7551172-0f8b-11e7-a02b-d4ae5273e5cf,Experiment2,14000,TRUE,structured_search
bb1ca272-0f93-11e7-ad1b-d4ae5273e5cf,Experiment2,2500,TRUE,strategy_switch
bfeb0e4e-0fa5-11e7-ad1b-d4ae5273e5cf,Experiment2,2500,TRUE,opportunistic_random
c309296e-110b-11e7-8f64-d4ae5273e5cf,Experiment2,7000,TRUE,structured_search
c9cff304-110b-11e7-86fb-d4ae5273e5cf,Experiment2,7000,FALSE,opportunistic_random
ca1b464c-0fd0-11e7-8210-d4ae5273e5cf,Experiment2,0,TRUE,direct
ccfda350-111f-11e7-9ffc-d4ae5273e5cf,Experiment2,7000,TRUE,structured_search
cea229fc-0fa7-11e7-8f7d-d4ae5273e5cf,Experiment2,14000,TRUE,opportunistic_random
cf6603d0-110b-11e7-86fb-d4ae5273e5cf,Experiment2,7000,TRUE,opportunistic_random
d4a05006-0fff-11e7-ad1b-d4ae5273e5cf,Experiment2,2500,TRUE,structured_search
d53b22d0-10fd-11e7-8f64-d4ae5273e5cf,Experiment2,10000,FALSE,opportunistic_random
dc0cde3c-102b-11e7-815b-d4ae5273e5cf,Experiment2,0,TRUE,structured_search
dcde6410-110d-11e7-a50f-d4ae5273e5cf,Experiment2,7000,TRUE,structured_search
dec0da1c-110b-11e7-86fb-d4ae5273e5cf,Experiment2,10000,TRUE,opportunistic_random
df280f0c-111f-11e7-86fb-d4ae5273e5cf,Experiment2,10000,FALSE,opportunistic_random
e0e6471e-110b-11e7-86fb-d4ae5273e5cf,Experiment2,7000,FALSE,strategy_switch
e1356942-10fd-11e7-854e-d4ae5273e5cf,Experiment2,7000,TRUE,opportunistic_random
e1515e40-0f8b-11e7-a02b-d4ae5273e5cf,Experiment2,2500,FALSE,direct
e1c858f0-0fa5-11e7-8f7d-d4ae5273e5cf,Experiment2,2500,TRUE,opportunistic_random
e32145e2-110b-11e7-a50f-d4ae5273e5cf,Experiment2,10000,TRUE,structured_search
e629e2fa-0fa6-11e7-8210-d4ae5273e5cf,Experiment2,0,TRUE,strategy_switch
e66666a8-0fce-11e7-8468-d4ae5273e5cf,Experiment2,0,FALSE,structured_search
e734a9ba-0fbe-11e7-8f7d-d4ae5273e5cf,Experiment2,2500,FALSE,opportunistic_random
e85fbf98-10fc-11e7-983e-d4ae5273e5cf,Experiment2,7000,FALSE,strategy_switch
ea4a7892-0f9f-11e7-bfcd-d4ae5273e5cf,Experiment2,2500,FALSE,strategy_switch
eab1e612-0fa4-11e7-8f7d-d4ae5273e5cf,Experiment2,14000,TRUE,direct
ef5de28e-10fc-11e7-983e-d4ae5273e5cf,Experiment2,10000,TRUE,structured_search
f187471c-110b-11e7-9ffc-d4ae5273e5cf,Experiment2,7000,TRUE,structured_search
f33da614-10fc-11e7-8f64-d4ae5273e5cf,Experiment2,10000,FALSE,opportunistic_random
f5438598-0fa6-11e7-8010-d4ae5273e5cf,Experiment2,14000,TRUE,structured_search
f6f27dfc-10fc-11e7-854e-d4ae5273e5cf,Experiment2,10000,TRUE,opportunistic_random
fce74582-0fce-11e7-a02b-d4ae5273e5cf,Experiment2,2500,TRUE,opportunistic_random
fdde5b52-0f96-11e7-8468-d4ae5273e5cf,Experiment2,14000,FALSE,direct
006d3840-126f-11e7-be64-d4ae5273e5cf,Experiment3,14000,TRUE,direct
01bf1dd4-10f9-11e7-bab3-d4ae5273e5cf,Experiment3,7000,TRUE,strategy_switch
0c9e6234-103e-11e7-8002-d4ae5273e5cf,Experiment3,2500,TRUE,direct
0e12517c-10e1-11e7-9e74-d4ae5273e5cf,Experiment3,10000,FALSE,direct
0ec4dd78-10d8-11e7-9058-d4ae5273e5cf,Experiment3,7000,TRUE,direct
1030ea38-10f8-11e7-9e74-d4ae5273e5cf,Experiment3,7000,TRUE,direct
11583f58-10d8-11e7-8504-d4ae5273e5cf,Experiment3,10000,TRUE,direct
1327d3c2-1270-11e7-a2db-d4ae5273e5cf,Experiment3,14000,TRUE,direct
135d5446-10d8-11e7-9058-d4ae5273e5cf,Experiment3,10000,TRUE,direct
13964ca8-10f9-11e7-8504-d4ae5273e5cf,Experiment3,10000,TRUE,direct
13a40294-1270-11e7-baa0-d4ae5273e5cf,Experiment3,14000,TRUE,opportunistic_random
14832d22-1052-11e7-8002-d4ae5273e5cf,Experiment3,2500,TRUE,direct
1787d748-103e-11e7-989f-d4ae5273e5cf,Experiment3,2500,TRUE,direct
17b101a4-103e-11e7-b141-d4ae5273e5cf,Experiment3,0,FALSE,direct
198291dc-103e-11e7-868d-d4ae5273e5cf,Experiment3,0,FALSE,opportunistic_random
1ad2e95a-126f-11e7-a2db-d4ae5273e5cf,Experiment3,14000,TRUE,direct
1b289738-10fd-11e7-9058-d4ae5273e5cf,Experiment3,7000,TRUE,opportunistic_random
1f159276-10f6-11e7-9058-d4ae5273e5cf,Experiment3,7000,TRUE,direct
24f49124-1029-11e7-8f6a-d4ae5273e5cf,Experiment3,0,FALSE,direct
28165dce-10f6-11e7-b709-d4ae5273e5cf,Experiment3,10000,TRUE,direct
28fee1b6-10d8-11e7-90b5-d4ae5273e5cf,Experiment3,7000,FALSE,structured_search
2c72cc8e-126f-11e7-baa0-d4ae5273e5cf,Experiment3,14000,TRUE,opportunistic_random
2daaf4f8-10ff-11e7-bab3-d4ae5273e5cf,Experiment3,10000,TRUE,direct
2fe3e102-102e-11e7-989f-d4ae5273e5cf,Experiment3,0,FALSE,direct
3019074a-127e-11e7-a2db-d4ae5273e5cf,Experiment3,14000,FALSE,direct
30ce4408-1020-11e7-b141-d4ae5273e5cf,Experiment3,0,FALSE,structured_search
3180eee0-126f-11e7-ab67-d4ae5273e5cf,Experiment3,14000,TRUE,strategy_switch
31df906c-10df-11e7-8504-d4ae5273e5cf,Experiment3,7000,FALSE,direct
31f4b638-1277-11e7-ab67-d4ae5273e5cf,Experiment3,14000,TRUE,direct
35e90e28-103e-11e7-868d-d4ae5273e5cf,Experiment3,2500,TRUE,direct
3a1631de-10f6-11e7-90b5-d4ae5273e5cf,Experiment3,7000,TRUE,direct
3a9e727e-10f6-11e7-91fd-d4ae5273e5cf,Experiment3,7000,TRUE,structured_search
3eb42800-1028-11e7-868d-d4ae5273e5cf,Experiment3,2500,TRUE,direct
42b2cabe-104c-11e7-989f-d4ae5273e5cf,Experiment3,0,TRUE,structured_search
47c56e94-10f6-11e7-9058-d4ae5273e5cf,Experiment3,10000,TRUE,opportunistic_random
490a4412-103f-11e7-8002-d4ae5273e5cf,Experiment3,2500,TRUE,strategy_switch
4c739b24-1028-11e7-b141-d4ae5273e5cf,Experiment3,0,FALSE,structured_search
50c74524-126f-11e7-9006-d4ae5273e5cf,Experiment3,14000,TRUE,direct
53505578-10d1-11e7-8504-d4ae5273e5cf,Experiment3,7000,TRUE,strategy_switch
54fa636c-1060-11e7-868d-d4ae5273e5cf,Experiment3,0,TRUE,direct
57127084-10df-11e7-91fd-d4ae5273e5cf,Experiment3,10000,FALSE,structured_search
59cf9f3e-1028-11e7-b141-d4ae5273e5cf,Experiment3,0,TRUE,opportunistic_random
5caddd80-10e4-11e7-9e74-d4ae5273e5cf,Experiment3,10000,TRUE,direct
5e799656-10d3-11e7-9058-d4ae5273e5cf,Experiment3,10000,TRUE,direct
6000a9a2-1028-11e7-8002-d4ae5273e5cf,Experiment3,2500,FALSE,direct
672790a8-126f-11e7-baa0-d4ae5273e5cf,Experiment3,14000,TRUE,direct
69800f48-103e-11e7-8f6a-d4ae5273e5cf,Experiment3,0,FALSE,direct
69d68c04-10d1-11e7-91fd-d4ae5273e5cf,Experiment3,10000,TRUE,opportunistic_random
6a5113f2-10d1-11e7-b709-d4ae5273e5cf,Experiment3,10000,FALSE,structured_search
6c9a48ee-102d-11e7-84cf-d4ae5273e5cf,Experiment3,2500,FALSE,direct
6d77c284-10ee-11e7-9058-d4ae5273e5cf,Experiment3,10000,FALSE,direct
6dc7d15e-1277-11e7-9006-d4ae5273e5cf,Experiment3,14000,TRUE,direct
70f41e8e-10d1-11e7-90b5-d4ae5273e5cf,Experiment3,7000,TRUE,direct
71fb7dc4-103e-11e7-8c11-d4ae5273e5cf,Experiment3,0,FALSE,direct
746a0d1c-10d1-11e7-9e74-d4ae5273e5cf,Experiment3,7000,TRUE,strategy_switch
777747cc-10d1-11e7-9058-d4ae5273e5cf,Experiment3,10000,TRUE,strategy_switch
7cf917a6-1032-11e7-84cf-d4ae5273e5cf,Experiment3,2500,TRUE,direct
7e759b90-1028-11e7-989f-d4ae5273e5cf,Experiment3,0,TRUE,strategy_switch
835f6d80-1036-11e7-8c11-d4ae5273e5cf,Experiment3,2500,FALSE,direct
8ad3f2b6-1040-11e7-8f6a-d4ae5273e5cf,Experiment3,0,FALSE,direct
8d243682-101f-11e7-989f-d4ae5273e5cf,Experiment3,0,TRUE,structured_search
9090555a-102c-11e7-8f6a-d4ae5273e5cf,Experiment3,0,FALSE,direct
9272fac4-10ec-11e7-9e74-d4ae5273e5cf,Experiment3,10000,TRUE,structured_search
94081aae-103d-11e7-84cf-d4ae5273e5cf,Experiment3,0,FALSE,direct
946c272e-101f-11e7-b141-d4ae5273e5cf,Experiment3,2500,FALSE,direct
94d0e286-1277-11e7-8861-d4ae5273e5cf,Experiment3,14000,TRUE,strategy_switch
95241e4e-102c-11e7-84cf-d4ae5273e5cf,Experiment3,0,TRUE,opportunistic_random
95a8cba8-10d1-11e7-90b5-d4ae5273e5cf,Experiment3,7000,TRUE,direct
984c357a-10f4-11e7-91fd-d4ae5273e5cf,Experiment3,7000,TRUE,direct
98c35fca-126f-11e7-8861-d4ae5273e5cf,Experiment3,14000,TRUE,direct
9936a77a-101f-11e7-8c11-d4ae5273e5cf,Experiment3,2500,FALSE,opportunistic_random
9e3a1eac-10d1-11e7-b709-d4ae5273e5cf,Experiment3,7000,TRUE,direct
a05153b4-1044-11e7-868d-d4ae5273e5cf,Experiment3,2500,TRUE,direct
a3edb404-1067-11e7-868d-d4ae5273e5cf,Experiment3,2500,TRUE,direct
a97cd2fe-10e6-11e7-9e74-d4ae5273e5cf,Experiment3,7000,TRUE,structured_search
aad5cc2c-10dd-11e7-9e74-d4ae5273e5cf,Experiment3,7000,FALSE,structured_search
ab872280-10d1-11e7-90b5-d4ae5273e5cf,Experiment3,10000,TRUE,direct
acef59ee-1270-11e7-ab67-d4ae5273e5cf,Experiment3,14000,TRUE,direct
b0c3e95a-10da-11e7-bab3-d4ae5273e5cf,Experiment3,10000,TRUE,opportunistic_random
b4b9da74-102b-11e7-868d-d4ae5273e5cf,Experiment3,2500,TRUE,strategy_switch
b51d2a82-10d7-11e7-8504-d4ae5273e5cf,Experiment3,7000,FALSE,structured_search
b57adc80-101f-11e7-8c11-d4ae5273e5cf,Experiment3,0,TRUE,direct
b7f60846-10d7-11e7-b709-d4ae5273e5cf,Experiment3,10000,TRUE,structured_search
b8acb286-10d1-11e7-90b5-d4ae5273e5cf,Experiment3,10000,TRUE,strategy_switch
b8d0760c-10e1-11e7-8504-d4ae5273e5cf,Experiment3,10000,TRUE,opportunistic_random
b910a228-10d1-11e7-b709-d4ae5273e5cf,Experiment3,10000,TRUE,direct
bc814bdc-1028-11e7-989f-d4ae5273e5cf,Experiment3,2500,FALSE,direct
bfffbec6-102b-11e7-989f-d4ae5273e5cf,Experiment3,2500,FALSE,strategy_switch
c1cf4ed0-1029-11e7-989f-d4ae5273e5cf,Experiment3,2500,FALSE,direct
c34d9466-1028-11e7-84cf-d4ae5273e5cf,Experiment3,2500,TRUE,direct
c4fab588-10d1-11e7-9e74-d4ae5273e5cf,Experiment3,7000,TRUE,structured_search
c52b9f6e-102b-11e7-989f-d4ae5273e5cf,Experiment3,0,TRUE,opportunistic_random
c65876ea-1270-11e7-9006-d4ae5273e5cf,Experiment3,14000,TRUE,direct
c81e31bc-1028-11e7-8002-d4ae5273e5cf,Experiment3,0,TRUE,direct
cf5e48ea-10d7-11e7-b709-d4ae5273e5cf,Experiment3,7000,TRUE,strategy_switch
d2caced4-126e-11e7-8aca-d4ae5273e5cf,Experiment3,14000,TRUE,direct
d2dfaa8c-1270-11e7-be64-d4ae5273e5cf,Experiment3,14000,TRUE,direct
d41af404-10f6-11e7-bab3-d4ae5273e5cf,Experiment3,10000,TRUE,strategy_switch
dbd164ca-126e-11e7-9006-d4ae5273e5cf,Experiment3,14000,TRUE,opportunistic_random
dd8af3ee-126e-11e7-9006-d4ae5273e5cf,Experiment3,14000,TRUE,opportunistic_random
df8aa494-10d1-11e7-9e74-d4ae5273e5cf,Experiment3,7000,TRUE,opportunistic_random
e9dfd3da-126e-11e7-9006-d4ae5273e5cf,Experiment3,14000,TRUE,direct
ecbeff14-1033-11e7-8002-d4ae5273e5cf,Experiment3,0,TRUE,direct
f2187734-10d7-11e7-91fd-d4ae5273e5cf,Experiment3,7000,TRUE,structured_search
f9a727ce-1033-11e7-8c11-d4ae5273e5cf,Experiment3,2500,TRUE,opportunistic_random
fe822410-10d8-11e7-91fd-d4ae5273e5cf,Experiment3,7000,TRUE,strategy_switch